epoch,time,train/giou_loss,train/cls_loss,train/l1_loss,metrics/precision(B),metrics/recall(B),metrics/mAP50(B),metrics/mAP50-95(B),val/giou_loss,val/cls_loss,val/l1_loss,lr/pg0,lr/pg1,lr/pg2
1,600.438,0.68815,2.05376,0.27902,0.66606,0.80799,0.76031,0.49489,0.38986,0.55427,0.08179,0.000151591,0.000151591,0.000151591
2,1203.25,0.36607,0.55591,0.07887,0.82236,0.87599,0.91461,0.6298,0.35,0.44842,0.06793,0.000297253,0.000297253,0.000297253
3,1785.12,0.34371,0.50076,0.0732,0.90629,0.90416,0.92224,0.63441,0.35147,0.43704,0.07119,0.000436909,0.000436909,0.000436909
4,2372,0.33626,0.47159,0.06939,0.89152,0.92097,0.93727,0.65314,0.3427,0.40125,0.06846,0.000427973,0.000427973,0.000427973
5,2959.58,0.32675,0.44938,0.0671,0.91273,0.93202,0.93893,0.66132,0.32995,0.38627,0.06464,0.000418964,0.000418964,0.000418964
6,3553.37,0.31832,0.42284,0.06612,0.92195,0.93417,0.94187,0.64722,0.34203,0.39329,0.06698,0.000409955,0.000409955,0.000409955
7,4144.44,0.32065,0.42156,0.06497,0.91817,0.95108,0.94402,0.67686,0.3223,0.37648,0.06277,0.000400946,0.000400946,0.000400946
8,4736.1,0.31538,0.42491,0.06481,0.92632,0.94714,0.95323,0.67968,0.32465,0.37716,0.06259,0.000391937,0.000391937,0.000391937
9,5332.77,0.30852,0.41433,0.06452,0.93539,0.94305,0.9549,0.66445,0.33406,0.38799,0.06598,0.000382928,0.000382928,0.000382928
10,5934.28,0.30776,0.40433,0.06169,0.93499,0.95282,0.96139,0.66966,0.33655,0.38875,0.06429,0.000373919,0.000373919,0.000373919
11,6537.64,0.29944,0.40256,0.06193,0.93892,0.95681,0.95807,0.69689,0.30604,0.3696,0.05818,0.00036491,0.00036491,0.00036491
12,7135.25,0.2973,0.39296,0.05946,0.93174,0.94145,0.9515,0.67062,0.32851,0.38407,0.06177,0.000355901,0.000355901,0.000355901
13,7721.28,0.29819,0.39853,0.05821,0.93133,0.95988,0.96346,0.68411,0.32154,0.3693,0.06084,0.000346892,0.000346892,0.000346892
14,8319.02,0.29083,0.3877,0.05721,0.93535,0.96897,0.96156,0.69003,0.31223,0.3658,0.05715,0.000337883,0.000337883,0.000337883
15,8912.11,0.29082,0.38678,0.0566,0.93452,0.95496,0.96569,0.68049,0.31946,0.37461,0.05998,0.000328874,0.000328874,0.000328874
16,9503.02,0.28922,0.38483,0.05728,0.94222,0.9596,0.96147,0.7078,0.29612,0.35581,0.05338,0.000319865,0.000319865,0.000319865
17,10092.2,0.28144,0.37244,0.05558,0.95566,0.9522,0.96779,0.70946,0.29471,0.35598,0.05454,0.000310856,0.000310856,0.000310856
18,10680.7,0.27918,0.37461,0.05383,0.94651,0.97478,0.96712,0.71123,0.2893,0.34973,0.05266,0.000301847,0.000301847,0.000301847
19,11271.1,0.26905,0.36425,0.05391,0.93603,0.96263,0.97054,0.70498,0.29815,0.35684,0.05433,0.000292838,0.000292838,0.000292838
20,11858.5,0.27873,0.37094,0.0529,0.94389,0.96464,0.96794,0.71395,0.28756,0.34655,0.05187,0.000283829,0.000283829,0.000283829
21,12444.1,0.27014,0.36287,0.05088,0.95466,0.96767,0.97178,0.72692,0.27688,0.33982,0.04832,0.00027482,0.00027482,0.00027482
22,13037.8,0.26608,0.35804,0.05055,0.96265,0.95258,0.97001,0.72615,0.27852,0.341,0.04903,0.000265811,0.000265811,0.000265811
23,13627.4,0.265,0.35733,0.05022,0.95681,0.96711,0.97485,0.71868,0.2829,0.33966,0.05003,0.000256802,0.000256802,0.000256802
24,14218.6,0.2585,0.35697,0.04888,0.95972,0.94856,0.97077,0.74079,0.27153,0.33394,0.04738,0.000247793,0.000247793,0.000247793
25,14813.3,0.2568,0.34933,0.04758,0.96455,0.97553,0.97863,0.73926,0.26973,0.32772,0.04639,0.000238784,0.000238784,0.000238784
26,15404.7,0.25712,0.34569,0.04808,0.96759,0.96099,0.97849,0.74418,0.26561,0.33206,0.04575,0.000229775,0.000229775,0.000229775
27,15993,0.25108,0.33922,0.0474,0.9589,0.97261,0.97687,0.74204,0.26542,0.32871,0.04643,0.000220766,0.000220766,0.000220766
28,16581,0.25067,0.34015,0.0462,0.95897,0.97565,0.97483,0.74265,0.26453,0.32759,0.04559,0.000211757,0.000211757,0.000211757
29,17174.9,0.25123,0.34201,0.04682,0.95938,0.98156,0.97873,0.75084,0.26113,0.32467,0.0445,0.000202748,0.000202748,0.000202748
30,17769.1,0.25085,0.33629,0.04659,0.968,0.97888,0.98188,0.75037,0.26229,0.32696,0.0456,0.000193739,0.000193739,0.000193739
31,18374,0.24641,0.3357,0.04573,0.95471,0.97044,0.97893,0.75146,0.25863,0.32577,0.04443,0.00018473,0.00018473,0.00018473
32,18998.3,0.24875,0.3358,0.04672,0.96842,0.97011,0.98198,0.74803,0.26113,0.32594,0.04456,0.000175721,0.000175721,0.000175721
33,19608,0.24684,0.33381,0.04535,0.96745,0.98034,0.98245,0.75389,0.25998,0.32345,0.04462,0.000166712,0.000166712,0.000166712
34,20207.4,0.24724,0.33311,0.0461,0.97344,0.97936,0.98389,0.75176,0.25891,0.32614,0.04447,0.000157703,0.000157703,0.000157703
35,20816,0.23899,0.32724,0.04378,0.97625,0.97423,0.98418,0.75681,0.25363,0.31825,0.04327,0.000148694,0.000148694,0.000148694
36,21410.9,0.21996,0.30702,0.04017,0.97422,0.98239,0.98441,0.76204,0.25469,0.31722,0.04307,0.000139685,0.000139685,0.000139685
37,22007.8,0.2167,0.30182,0.0391,0.97363,0.97617,0.98273,0.76057,0.25095,0.31902,0.04238,0.000130676,0.000130676,0.000130676
38,22603.9,0.21377,0.30031,0.03877,0.96764,0.98679,0.98221,0.76349,0.24688,0.31304,0.04141,0.000121667,0.000121667,0.000121667
39,23197.6,0.21191,0.29614,0.03843,0.97282,0.9834,0.98456,0.7641,0.24562,0.31244,0.04119,0.000112658,0.000112658,0.000112658
40,23790.1,0.20965,0.29436,0.03718,0.97925,0.97362,0.98293,0.76423,0.24709,0.31441,0.04157,0.000103649,0.000103649,0.000103649
41,24381.7,0.20993,0.29412,0.03771,0.9763,0.98081,0.98553,0.76764,0.24295,0.30963,0.04064,9.464e-05,9.464e-05,9.464e-05
42,24973.2,0.20629,0.29006,0.03643,0.9785,0.98797,0.98625,0.7716,0.24096,0.3089,0.04006,8.5631e-05,8.5631e-05,8.5631e-05
43,25558.2,0.20639,0.28946,0.03685,0.96854,0.98522,0.98631,0.77318,0.24039,0.30822,0.04011,7.6622e-05,7.6622e-05,7.6622e-05
44,26148.5,0.20326,0.28769,0.0356,0.98234,0.98076,0.98622,0.77305,0.23689,0.30776,0.03929,6.7613e-05,6.7613e-05,6.7613e-05
45,26733.4,0.20129,0.28591,0.03576,0.97664,0.98756,0.98827,0.77538,0.23549,0.30569,0.03912,5.8604e-05,5.8604e-05,5.8604e-05
46,27322.1,0.2003,0.2827,0.03553,0.97899,0.98136,0.98526,0.7781,0.2346,0.30563,0.03908,4.9595e-05,4.9595e-05,4.9595e-05
47,27915.1,0.19892,0.28213,0.03491,0.98296,0.98049,0.98684,0.77549,0.2345,0.30535,0.03898,4.0586e-05,4.0586e-05,4.0586e-05
48,28506.5,0.19882,0.27943,0.0351,0.98003,0.98378,0.98625,0.77849,0.23351,0.30395,0.03886,3.1577e-05,3.1577e-05,3.1577e-05
49,29106.6,0.19698,0.27833,0.03445,0.98241,0.98344,0.98778,0.77754,0.23192,0.3032,0.03847,2.2568e-05,2.2568e-05,2.2568e-05
50,29719,0.19556,0.27734,0.03438,0.98462,0.98372,0.98744,0.7779,0.23184,0.30356,0.0382,1.3559e-05,1.3559e-05,1.3559e-05
