split,class_id,class_name,plan_b_AP,plan_c_AP,delta_AP,plan_c_AP75
val,0,apple,0.6954214391832276,0.7393347278123519,0.04391328862912425,0.9630952380952383
val,1,apple_plastic,0.7479630121950995,0.7778655565972972,0.02990254440219764,0.9369148936170214
val,2,badminton,0.7346926553127611,0.7927853112103416,0.0580926558975805,0.9747025652366209
val,3,banana,0.7470330632408568,0.7479390644048072,0.0009060011639503429,0.929341226472374
val,4,banana_plastic,0.7290759353622852,0.7770796381709469,0.04800370280866173,0.972216589861751
val,5,car,0.5846798555826526,0.5699326354962834,-0.014747220086369195,0.591882318999705
val,6,car_toy,0.7374506859228808,0.7119946396665146,-0.025456046256366216,0.8562910809590291
val,7,charger_head,0.7263403519681353,0.7495923586118518,0.023252006643716516,0.9329588112617311
val,8,e-bike,0.4774535181936665,0.5234222193602751,0.045968701166608616,0.500521398328645
val,9,egg,0.7411114826753119,0.793354771537625,0.05224328886231311,0.995
val,10,egg_plastic,0.7618172091441495,0.8165801206038141,0.05476291145966461,0.995
val,11,egg_wood,0.706448867090401,0.7761665802147403,0.06971771312433928,0.995
val,12,orange,0.7445550153030863,0.7572739781353912,0.012718962832304892,0.9314251207729467
val,13,orange_plastic,0.7124189766485406,0.778105529270995,0.06568655262245437,0.9656397058823528
val,14,people,0.3467498007816169,0.3991271165876747,0.05237731580605781,0.3346674539428267
val,15,rubik,0.7425058353774374,0.7974339437797384,0.054928108402301,0.9407223315530464
val,16,stone_block,0.36614785501383995,0.40680550752936895,0.040657652515529,0.3654834633965069
val,17,table_tennis,0.6838349785087823,0.7115085852090334,0.027673606700251097,0.885848239334813
test,0,apple,0.7276717785861282,0.7552315003297851,0.02755972174365695,0.9326797949487371
test,1,apple_plastic,0.7322938874739824,0.7734161431938438,0.04112225571986139,0.9537833333333333
test,2,badminton,0.6865093717023539,0.7594238958682624,0.07291452416590849,0.9570988342366296
test,3,banana,0.7444211409251014,0.7662551530381866,0.02183401211308522,0.9501287283077257
test,4,banana_plastic,0.7727001015291963,0.8097189686018396,0.037018867072643236,0.995
test,5,car,0.4452855191715903,0.4579102035666063,0.012624684395015962,0.41630666309048714
test,6,car_toy,0.6989317027588041,0.6993462119929277,0.0004145092341235612,0.8185071179156593
test,7,charger_head,0.6316502564726234,0.6935196548140048,0.06186939834138139,0.8023742056189216
test,8,e-bike,0.4028724047666622,0.47116860025563,0.06829619548896781,0.37766533424502946
test,9,egg,0.7335328892181627,0.7944892990366159,0.06095640981845318,0.972608695652174
test,10,egg_plastic,0.7715738970151799,0.812847035578194,0.04127313856301418,0.985
test,11,egg_wood,0.7217090231816177,0.7170273889607397,-0.004681634220877973,0.9655446927374302
test,12,orange,0.6933850782778864,0.7062071258199165,0.01282204754203009,0.8018750000000001
test,13,orange_plastic,0.7228371954999139,0.7598559241863538,0.03701872868643996,0.932125
test,14,people,0.42380320159521184,0.4234857829598456,-0.00031741863536621784,0.3751389064846671
test,15,rubik,0.7183244485344764,0.7622598994010097,0.04393545086653328,0.9282571377301883
test,16,stone_block,0.18608135778679596,0.21132403730709517,0.02524267952029921,0.08963742335690764
test,17,table_tennis,0.6534151737723454,0.6831414587363084,0.029726284963963012,0.8544204247210933
